start;end;routes;name;venue;time;popularity;citywide
2025-11-02;2025-11-02;12;Андрей Бебуришвили — Stand Up;МТС Live Холл;19:00;0.5;false
2025-11-02;2025-11-02;12;Yanix;МТС Live Холл;19:00;0.7;false
2025-11-22;2025-11-22;12;Моя Мишель;МТС Live Холл;19:00;0.7;false
2025-11-29;2025-11-29;12;Танцы! Ёлка! МУЗ-ТВ;МТС Live Холл;19:00;0.75;false
2025-12-04;2025-12-04;12;Queen — шоу «Богемская рапсодия»;МТС Live Холл;19:00;0.75;false
2025-12-07;2025-12-07;12;Хаски;МТС Live Холл;19:00;0.7;false
2025-12-07;2025-12-07;12;Gucci Mane;МТС Live Холл;19:00;0.7;false
2025-11-03;2025-11-04;;«Ночь искусств»;Общегородская программа;18:00;0.85;true
2025-11-03;2025-11-04;11|17|25;«Ночь искусств» на ВДНХ;ВДНХ;18:00;0.7;false
2025-12-01;2025-12-31;;Проект «Зима в Москве»;Общегородская программа;10:00;0.8;true
2025-12-02;2025-12-31;;Фестиваль «Усадьбы Москвы»;Общегородская программа;12:00;0.55;true
2025-12-12;2025-12-31;;«Путешествие в Рождество»;Общегородская программа;12:00;0.9;true
2025-12-13;2025-12-31;11|17|25;Зимний сезон и каток ВДНХ;ВДНХ;10:00;0.65;false
2025-12-19;2025-12-21;11|17|25;«Атомные выходные» на катке ВДНХ;ВДНХ;12:00;0.7;false
2025-12-25;2025-12-31;;Кремлёвская ёлка;Кремлёвский дворец;10:00;0.85;true
2025-12-25;2025-12-31;11|17|25;Новогодняя ярмарка ВДНХ;ВДНХ;11:00;0.7;false
2025-12-28;2025-12-31;;«Ёлка Мэра»;Гостиный двор;10:00;0.85;true
2025-12-31;2025-12-31;11|17|25;Портал в мир подарков на ВДНХ;ВДНХ;21:00;0.8;false
