event_id,date_start,date_end,route_id,popularity_coefficient,temporal_concentration_coefficient,start_time_local,end_time_local,end_day_offset,duration_hours,session_schedule_local,time_profile,event_type,impact_class,venue_id
vdnh-2025-06-01,2025-06-01,2025-06-01,11,0.70,0.70,20:00,22:30,0,2.50,,concert_peak,concert,large_park_program,vdnh_green_theatre
vdnh-2025-06-01,2025-06-01,2025-06-01,17,0.70,0.70,20:00,22:30,0,2.50,,concert_peak,concert,large_park_program,vdnh_green_theatre
vdnh-2025-06-01,2025-06-01,2025-06-01,25,0.70,0.70,20:00,22:30,0,2.50,,concert_peak,concert,large_park_program,vdnh_green_theatre
vdnh-2025-06-03,2025-06-03,2025-06-03,11,0.70,0.70,20:30,23:00,0,2.50,,concert_peak,concert,large_park_program,vdnh_green_theatre
vdnh-2025-06-03,2025-06-03,2025-06-03,17,0.70,0.70,20:30,23:00,0,2.50,,concert_peak,concert,large_park_program,vdnh_green_theatre
vdnh-2025-06-03,2025-06-03,2025-06-03,25,0.70,0.70,20:30,23:00,0,2.50,,concert_peak,concert,large_park_program,vdnh_green_theatre
vdnh-2025-06-06,2025-06-06,2025-06-06,11,0.70,0.70,20:00,22:30,0,2.50,,concert_peak,concert,large_park_program,vdnh_green_theatre
vdnh-2025-06-06,2025-06-06,2025-06-06,17,0.70,0.70,20:00,22:30,0,2.50,,concert_peak,concert,large_park_program,vdnh_green_theatre
vdnh-2025-06-06,2025-06-06,2025-06-06,25,0.70,0.70,20:00,22:30,0,2.50,,concert_peak,concert,large_park_program,vdnh_green_theatre
vdnh-2025-06-07,2025-06-07,2025-06-08,11,0.70,0.70,20:00,22:30,0,2.50,,concert_peak,concert,large_park_program,vdnh_green_theatre
vdnh-2025-06-07,2025-06-07,2025-06-08,17,0.70,0.70,20:00,22:30,0,2.50,,concert_peak,concert,large_park_program,vdnh_green_theatre
vdnh-2025-06-07,2025-06-07,2025-06-08,25,0.70,0.70,20:00,22:30,0,2.50,,concert_peak,concert,large_park_program,vdnh_green_theatre
vdnh-2025-06-12,2025-06-12,2025-06-12,11,0.70,0.70,20:00,22:30,0,2.50,,concert_peak,concert,large_park_program,vdnh_green_theatre
vdnh-2025-06-12,2025-06-12,2025-06-12,17,0.70,0.70,20:00,22:30,0,2.50,,concert_peak,concert,large_park_program,vdnh_green_theatre
vdnh-2025-06-12,2025-06-12,2025-06-12,25,0.70,0.70,20:00,22:30,0,2.50,,concert_peak,concert,large_park_program,vdnh_green_theatre
vdnh-2025-07-05,2025-07-05,2025-07-05,11,0.70,0.70,20:00,22:30,0,2.50,,concert_peak,concert,large_park_program,vdnh_green_theatre
vdnh-2025-07-05,2025-07-05,2025-07-05,17,0.70,0.70,20:00,22:30,0,2.50,,concert_peak,concert,large_park_program,vdnh_green_theatre
vdnh-2025-07-05,2025-07-05,2025-07-05,25,0.70,0.70,20:00,22:30,0,2.50,,concert_peak,concert,large_park_program,vdnh_green_theatre
vdnh-2025-07-06,2025-07-06,2025-07-06,11,0.70,0.70,20:00,22:30,0,2.50,,concert_peak,concert,large_park_program,vdnh_green_theatre
vdnh-2025-07-06,2025-07-06,2025-07-06,17,0.70,0.70,20:00,22:30,0,2.50,,concert_peak,concert,large_park_program,vdnh_green_theatre
vdnh-2025-07-06,2025-07-06,2025-07-06,25,0.70,0.70,20:00,22:30,0,2.50,,concert_peak,concert,large_park_program,vdnh_green_theatre
vdnh-2025-07-08,2025-07-08,2025-07-08,11,0.70,0.70,20:00,22:30,0,2.50,,concert_peak,concert,large_park_program,vdnh_green_theatre
vdnh-2025-07-08,2025-07-08,2025-07-08,17,0.70,0.70,20:00,22:30,0,2.50,,concert_peak,concert,large_park_program,vdnh_green_theatre
vdnh-2025-07-08,2025-07-08,2025-07-08,25,0.70,0.70,20:00,22:30,0,2.50,,concert_peak,concert,large_park_program,vdnh_green_theatre
vdnh-2025-07-09,2025-07-09,2025-07-09,11,0.70,0.70,20:00,22:30,0,2.50,,concert_peak,concert,large_park_program,vdnh_green_theatre
vdnh-2025-07-09,2025-07-09,2025-07-09,17,0.70,0.70,20:00,22:30,0,2.50,,concert_peak,concert,large_park_program,vdnh_green_theatre
vdnh-2025-07-09,2025-07-09,2025-07-09,25,0.70,0.70,20:00,22:30,0,2.50,,concert_peak,concert,large_park_program,vdnh_green_theatre
vdnh-2025-07-10,2025-07-10,2025-07-10,11,0.70,0.70,20:00,22:30,0,2.50,,concert_peak,concert,large_park_program,vdnh_green_theatre
vdnh-2025-07-10,2025-07-10,2025-07-10,17,0.70,0.70,20:00,22:30,0,2.50,,concert_peak,concert,large_park_program,vdnh_green_theatre
vdnh-2025-07-10,2025-07-10,2025-07-10,25,0.70,0.70,20:00,22:30,0,2.50,,concert_peak,concert,large_park_program,vdnh_green_theatre
vdnh-2025-07-11,2025-07-11,2025-07-11,11,0.70,0.70,20:00,22:30,0,2.50,,concert_peak,concert,large_park_program,vdnh_green_theatre
vdnh-2025-07-11,2025-07-11,2025-07-11,17,0.70,0.70,20:00,22:30,0,2.50,,concert_peak,concert,large_park_program,vdnh_green_theatre
vdnh-2025-07-11,2025-07-11,2025-07-11,25,0.70,0.70,20:00,22:30,0,2.50,,concert_peak,concert,large_park_program,vdnh_green_theatre
vdnh-2025-07-12,2025-07-12,2025-07-12,11,0.70,0.70,20:00,22:30,0,2.50,,concert_peak,concert,large_park_program,vdnh_green_theatre
vdnh-2025-07-12,2025-07-12,2025-07-12,17,0.70,0.70,20:00,22:30,0,2.50,,concert_peak,concert,large_park_program,vdnh_green_theatre
vdnh-2025-07-12,2025-07-12,2025-07-12,25,0.70,0.70,20:00,22:30,0,2.50,,concert_peak,concert,large_park_program,vdnh_green_theatre
vdnh-2025-07-13,2025-07-13,2025-07-13,11,0.70,0.70,20:00,22:30,0,2.50,,concert_peak,concert,large_park_program,vdnh_green_theatre
vdnh-2025-07-13,2025-07-13,2025-07-13,17,0.70,0.70,20:00,22:30,0,2.50,,concert_peak,concert,large_park_program,vdnh_green_theatre
vdnh-2025-07-13,2025-07-13,2025-07-13,25,0.70,0.70,20:00,22:30,0,2.50,,concert_peak,concert,large_park_program,vdnh_green_theatre
vdnh-2025-07-17,2025-07-17,2025-07-17,11,0.70,0.70,20:00,22:30,0,2.50,,concert_peak,concert,large_park_program,vdnh_green_theatre
vdnh-2025-07-17,2025-07-17,2025-07-17,17,0.70,0.70,20:00,22:30,0,2.50,,concert_peak,concert,large_park_program,vdnh_green_theatre
vdnh-2025-07-17,2025-07-17,2025-07-17,25,0.70,0.70,20:00,22:30,0,2.50,,concert_peak,concert,large_park_program,vdnh_green_theatre
vdnh-2025-07-18,2025-07-18,2025-07-18,11,0.70,0.70,20:00,22:30,0,2.50,,concert_peak,concert,large_park_program,vdnh_green_theatre
vdnh-2025-07-18,2025-07-18,2025-07-18,17,0.70,0.70,20:00,22:30,0,2.50,,concert_peak,concert,large_park_program,vdnh_green_theatre
vdnh-2025-07-18,2025-07-18,2025-07-18,25,0.70,0.70,20:00,22:30,0,2.50,,concert_peak,concert,large_park_program,vdnh_green_theatre
vdnh-2025-07-20,2025-07-20,2025-07-20,11,0.70,0.70,20:00,22:30,0,2.50,,concert_peak,concert,large_park_program,vdnh_green_theatre
vdnh-2025-07-20,2025-07-20,2025-07-20,17,0.70,0.70,20:00,22:30,0,2.50,,concert_peak,concert,large_park_program,vdnh_green_theatre
vdnh-2025-07-20,2025-07-20,2025-07-20,25,0.70,0.70,20:00,22:30,0,2.50,,concert_peak,concert,large_park_program,vdnh_green_theatre
vdnh-2025-07-24,2025-07-24,2025-07-24,11,0.70,0.70,20:00,22:30,0,2.50,,concert_peak,concert,large_park_program,vdnh_green_theatre
vdnh-2025-07-24,2025-07-24,2025-07-24,17,0.70,0.70,20:00,22:30,0,2.50,,concert_peak,concert,large_park_program,vdnh_green_theatre
vdnh-2025-07-24,2025-07-24,2025-07-24,25,0.70,0.70,20:00,22:30,0,2.50,,concert_peak,concert,large_park_program,vdnh_green_theatre
vdnh-2025-07-30,2025-07-30,2025-07-30,11,0.70,0.70,20:00,22:30,0,2.50,,concert_peak,concert,large_park_program,vdnh_green_theatre
vdnh-2025-07-30,2025-07-30,2025-07-30,17,0.70,0.70,20:00,22:30,0,2.50,,concert_peak,concert,large_park_program,vdnh_green_theatre
vdnh-2025-07-30,2025-07-30,2025-07-30,25,0.70,0.70,20:00,22:30,0,2.50,,concert_peak,concert,large_park_program,vdnh_green_theatre
vdnh-2025-07-31,2025-07-31,2025-07-31,11,0.70,0.70,20:00,22:30,0,2.50,,concert_peak,concert,large_park_program,vdnh_green_theatre
vdnh-2025-07-31,2025-07-31,2025-07-31,17,0.70,0.70,20:00,22:30,0,2.50,,concert_peak,concert,large_park_program,vdnh_green_theatre
vdnh-2025-07-31,2025-07-31,2025-07-31,25,0.70,0.70,20:00,22:30,0,2.50,,concert_peak,concert,large_park_program,vdnh_green_theatre
luzhniki-2025-05-02,2025-05-02,2025-05-02,ALL_CITY,0.70,0.80,12:30,15:30,0,3.00,,match_peak, sports,sports_event,luzhniki
luzhniki-2025-06-06,2025-06-06,2025-06-06,ALL_CITY,0.80,0.85,20:00,23:00,0,3.00,,stadium_peak, sports,stadium_event,luzhniki
luzhniki-2025-06-22,2025-06-22,2025-06-22,ALL_CITY,0.80,0.85,16:00,19:00,0,3.00,,stadium_peak, sports,stadium_event,luzhniki
luzhniki-2025-06-27,2025-06-27,2025-06-28,ALL_CITY,0.85,0.90,19:00,22:00,0,3.00,,stadium_peak,concert,stadium_concert,luzhniki
luzhniki-2025-07-05,2025-07-05,2025-07-05,ALL_CITY,0.85,0.35,11:00,19:00,0,8.00,,distributed_sports, sports,city_sports_festival,luzhniki
luzhniki-2025-07-19,2025-07-19,2025-07-20,ALL_CITY,0.90,0.20,10:00,22:00,0,12.00,,distributed_citywide,concert,major_festival,luzhniki
luzhniki-2025-07-26,2025-07-26,2025-07-26,ALL_CITY,0.85,0.90,19:00,22:00,0,3.00,,stadium_peak,concert,stadium_concert,luzhniki
luzhniki-2025-08-30,2025-08-30,2025-08-30,ALL_CITY,0.85,0.90,20:00,23:00,0,3.00,,stadium_peak,concert,stadium_concert,luzhniki
luzhniki-2025-09-06,2025-09-06,2025-09-21,ALL_CITY,0.75,0.40,10:00,18:00,0,8.00,,distributed_sports, sports,sports_festival,luzhniki
luzhniki-2025-09-13,2025-09-13,2025-09-13,ALL_CITY,0.85,0.35,11:00,19:00,0,8.00,,distributed_sports, sports,city_sports_festival,luzhniki
mmd-2025-07-27,2025-07-27,2025-07-27,2,0.70,0.85,19:00,22:00,0,3.00,,concert_peak,concert,indoor_concert,mts_live_hall
mmd-2025-07-27,2025-07-27,2025-07-27,12,0.70,0.85,19:00,22:00,0,3.00,,concert_peak,concert,indoor_concert,mts_live_hall
mmd-2025-07-27,2025-07-27,2025-07-27,38,0.70,0.85,19:00,22:00,0,3.00,,concert_peak,concert,indoor_concert,mts_live_hall
mmd-2025-07-27,2025-07-27,2025-07-27,46,0.70,0.85,19:00,22:00,0,3.00,,concert_peak,concert,indoor_concert,mts_live_hall
mmd-2025-10-11,2025-10-11,2025-10-11,2,0.75,0.65,18:00,23:00,0,5.00,,festival_evening,concert,indoor_festival,mts_live_hall
mmd-2025-10-11,2025-10-11,2025-10-11,12,0.75,0.65,18:00,23:00,0,5.00,,festival_evening,concert,indoor_festival,mts_live_hall
mmd-2025-10-11,2025-10-11,2025-10-11,38,0.75,0.65,18:00,23:00,0,5.00,,festival_evening,concert,indoor_festival,mts_live_hall
mmd-2025-10-11,2025-10-11,2025-10-11,46,0.75,0.65,18:00,23:00,0,5.00,,festival_evening,concert,indoor_festival,mts_live_hall
mmd-2025-10-18,2025-10-18,2025-10-18,2,0.50,0.70,19:00,22:00,0,3.00,,event_peak,concert,indoor_event,mts_live_hall
mmd-2025-10-18,2025-10-18,2025-10-18,12,0.50,0.70,19:00,22:00,0,3.00,,event_peak,concert,indoor_event,mts_live_hall
mmd-2025-10-18,2025-10-18,2025-10-18,38,0.50,0.70,19:00,22:00,0,3.00,,event_peak,concert,indoor_event,mts_live_hall
mmd-2025-10-18,2025-10-18,2025-10-18,46,0.50,0.70,19:00,22:00,0,3.00,,event_peak,concert,indoor_event,mts_live_hall
mmd-2025-10-21,2025-10-21,2025-10-21,2,0.50,0.70,19:00,22:00,0,3.00,,event_peak,concert,indoor_event,mts_live_hall
mmd-2025-10-21,2025-10-21,2025-10-21,12,0.50,0.70,19:00,22:00,0,3.00,,event_peak,concert,indoor_event,mts_live_hall
mmd-2025-10-21,2025-10-21,2025-10-21,38,0.50,0.70,19:00,22:00,0,3.00,,event_peak,concert,indoor_event,mts_live_hall
mmd-2025-10-21,2025-10-21,2025-10-21,46,0.50,0.70,19:00,22:00,0,3.00,,event_peak,concert,indoor_event,mts_live_hall
mmd-2025-11-02,2025-11-02,2025-11-02,2,0.50,0.70,19:00,22:00,0,3.00,,event_peak,concert,indoor_event,mts_live_hall
mmd-2025-11-02,2025-11-02,2025-11-02,12,0.50,0.70,19:00,22:00,0,3.00,,event_peak,concert,indoor_event,mts_live_hall
mmd-2025-11-02,2025-11-02,2025-11-02,38,0.50,0.70,19:00,22:00,0,3.00,,event_peak,concert,indoor_event,mts_live_hall
mmd-2025-11-02,2025-11-02,2025-11-02,46,0.50,0.70,19:00,22:00,0,3.00,,event_peak,concert,indoor_event,mts_live_hall
mmd-2025-11-02-yanix,2025-11-02,2025-11-02,2,0.70,0.85,19:00,22:00,0,3.00,,concert_peak,concert,indoor_concert,mts_live_hall
mmd-2025-11-02-yanix,2025-11-02,2025-11-02,12,0.70,0.85,19:00,22:00,0,3.00,,concert_peak,concert,indoor_concert,mts_live_hall
mmd-2025-11-02-yanix,2025-11-02,2025-11-02,38,0.70,0.85,19:00,22:00,0,3.00,,concert_peak,concert,indoor_concert,mts_live_hall
mmd-2025-11-02-yanix,2025-11-02,2025-11-02,46,0.70,0.85,19:00,22:00,0,3.00,,concert_peak,concert,indoor_concert,mts_live_hall
mmd-2025-11-22,2025-11-22,2025-11-22,2,0.70,0.85,19:00,22:00,0,3.00,,concert_peak,concert,indoor_concert,mts_live_hall
mmd-2025-11-22,2025-11-22,2025-11-22,12,0.70,0.85,19:00,22:00,0,3.00,,concert_peak,concert,indoor_concert,mts_live_hall
mmd-2025-11-22,2025-11-22,2025-11-22,38,0.70,0.85,19:00,22:00,0,3.00,,concert_peak,concert,indoor_concert,mts_live_hall
mmd-2025-11-22,2025-11-22,2025-11-22,46,0.70,0.85,19:00,22:00,0,3.00,,concert_peak,concert,indoor_concert,mts_live_hall
mmd-2025-11-29,2025-11-29,2025-11-29,2,0.75,0.80,19:00,22:00,0,3.00,,show_peak,concert,indoor_show,mts_live_hall
mmd-2025-11-29,2025-11-29,2025-11-29,12,0.75,0.80,19:00,22:00,0,3.00,,show_peak,concert,indoor_show,mts_live_hall
mmd-2025-11-29,2025-11-29,2025-11-29,38,0.75,0.80,19:00,22:00,0,3.00,,show_peak,concert,indoor_show,mts_live_hall
mmd-2025-11-29,2025-11-29,2025-11-29,46,0.75,0.80,19:00,22:00,0,3.00,,show_peak,concert,indoor_show,mts_live_hall
mmd-2025-12-04,2025-12-04,2025-12-04,2,0.75,0.80,19:00,22:00,0,3.00,,show_peak,concert,indoor_show,mts_live_hall
mmd-2025-12-04,2025-12-04,2025-12-04,12,0.75,0.80,19:00,22:00,0,3.00,,show_peak,concert,indoor_show,mts_live_hall
mmd-2025-12-04,2025-12-04,2025-12-04,38,0.75,0.80,19:00,22:00,0,3.00,,show_peak,concert,indoor_show,mts_live_hall
mmd-2025-12-04,2025-12-04,2025-12-04,46,0.75,0.80,19:00,22:00,0,3.00,,show_peak,concert,indoor_show,mts_live_hall
mmd-2025-12-07,2025-12-07,2025-12-07,2,0.70,0.85,19:00,22:00,0,3.00,,concert_peak,concert,indoor_concert,mts_live_hall
mmd-2025-12-07,2025-12-07,2025-12-07,12,0.70,0.85,19:00,22:00,0,3.00,,concert_peak,concert,indoor_concert,mts_live_hall
mmd-2025-12-07,2025-12-07,2025-12-07,38,0.70,0.85,19:00,22:00,0,3.00,,concert_peak,concert,indoor_concert,mts_live_hall
mmd-2025-12-07,2025-12-07,2025-12-07,46,0.70,0.85,19:00,22:00,0,3.00,,concert_peak,concert,indoor_concert,mts_live_hall
mmd-2025-12-07-gucci,2025-12-07,2025-12-07,2,0.70,0.85,19:00,22:00,0,3.00,,concert_peak,concert,indoor_concert,mts_live_hall
mmd-2025-12-07-gucci,2025-12-07,2025-12-07,12,0.70,0.85,19:00,22:00,0,3.00,,concert_peak,concert,indoor_concert,mts_live_hall
mmd-2025-12-07-gucci,2025-12-07,2025-12-07,38,0.70,0.85,19:00,22:00,0,3.00,,concert_peak,concert,indoor_concert,mts_live_hall
mmd-2025-12-07-gucci,2025-12-07,2025-12-07,46,0.70,0.85,19:00,22:00,0,3.00,,concert_peak,concert,indoor_concert,mts_live_hall
citywide-2025-11-03,2025-11-03,2025-11-04,ALL_CITY,0.85,0.55,18:00,23:00,0,5.00,,citywide_evening_spread,cultural_action,citywide_peak,citywide_culture
vdnh-2025-11-03,2025-11-03,2025-11-04,11,0.70,0.55,18:00,22:00,0,4.00,,venue_evening_spread,cultural_action,venue_peak,vdnh_green_theatre
vdnh-2025-11-03,2025-11-03,2025-11-04,17,0.70,0.55,18:00,22:00,0,4.00,,venue_evening_spread,cultural_action,venue_peak,vdnh_green_theatre
vdnh-2025-11-03,2025-11-03,2025-11-04,25,0.70,0.55,18:00,22:00,0,4.00,,venue_evening_spread,cultural_action,venue_peak,vdnh_green_theatre
mmdm-2025-11-25,2025-11-25,2025-12-03,А,0.75,0.60,18:00,22:00,0,4.00,,festival_evening,festival,multi_day_festival,moscow_house_music
mmdm-2025-11-25,2025-11-25,2025-12-03,3,0.75,0.60,18:00,22:00,0,4.00,,festival_evening,festival,multi_day_festival,moscow_house_music
mmdm-2025-11-25,2025-11-25,2025-12-03,38,0.75,0.60,18:00,22:00,0,4.00,,festival_evening,festival,multi_day_festival,moscow_house_music
mmdm-2025-11-25,2025-11-25,2025-12-03,39,0.75,0.60,18:00,22:00,0,4.00,,festival_evening,festival,multi_day_festival,moscow_house_music
citywide-2025-12-01,2025-12-01,2025-12-31,ALL_CITY,0.80,0.20,10:00,22:00,0,12.00,,distributed_citywide,cultural_action,citywide_baseline,citywide_culture
citywide-2025-12-12,2025-12-12,2025-12-31,ALL_CITY,0.90,0.35,12:00,22:00,0,10.00,,distributed_citywide,festival,citywide_peak,citywide_culture
central-2025-12-25,2025-12-25,2025-12-31,ALL_CITY,0.85,0.70,10:00,19:00,0,9.00,11:00|14:00|17:00,multi_session,children_show,multiple_daily_sessions,citywide_culture
central-2025-12-28,2025-12-28,2025-12-31,ALL_CITY,0.85,0.70,10:00,19:00,0,9.00,11:00|14:00|17:00,multi_session,children_show,multiple_daily_sessions,citywide_culture
mmdm-2025-12-31,2025-12-31,2025-12-31,А,0.80,0.75,13:00,22:30,0,9.50,13:00|14:00|17:00|18:00|20:00,multi_session,concert,multiple_daily_sessions,moscow_house_music
mmdm-2025-12-31,2025-12-31,2025-12-31,3,0.80,0.75,13:00,22:30,0,9.50,13:00|14:00|17:00|18:00|20:00,multi_session,concert,multiple_daily_sessions,moscow_house_music
mmdm-2025-12-31,2025-12-31,2025-12-31,38,0.80,0.75,13:00,22:30,0,9.50,13:00|14:00|17:00|18:00|20:00,multi_session,concert,multiple_daily_sessions,moscow_house_music
mmdm-2025-12-31,2025-12-31,2025-12-31,39,0.80,0.75,13:00,22:30,0,9.50,13:00|14:00|17:00|18:00|20:00,multi_session,concert,multiple_daily_sessions,moscow_house_music
vdnh-2025-12-13,2025-12-13,2025-12-31,11,0.65,0.25,10:00,22:00,0,12.00,,distributed_venue,winter_leisure,winter_baseline,vdnh_green_theatre
vdnh-2025-12-13,2025-12-13,2025-12-31,17,0.65,0.25,10:00,22:00,0,12.00,,distributed_venue,winter_leisure,winter_baseline,vdnh_green_theatre
vdnh-2025-12-13,2025-12-13,2025-12-31,25,0.65,0.25,10:00,22:00,0,12.00,,distributed_venue,winter_leisure,winter_baseline,vdnh_green_theatre
vdnh-2025-12-19,2025-12-19,2025-12-21,11,0.70,0.40,12:00,21:00,0,9.00,,distributed_venue,festival,venue_peak,vdnh_green_theatre
vdnh-2025-12-19,2025-12-19,2025-12-21,17,0.70,0.40,12:00,21:00,0,9.00,,distributed_venue,festival,venue_peak,vdnh_green_theatre
vdnh-2025-12-19,2025-12-19,2025-12-21,25,0.70,0.40,12:00,21:00,0,9.00,,distributed_venue,festival,venue_peak,vdnh_green_theatre
vdnh-2025-12-25,2025-12-25,2025-12-31,11,0.70,0.25,11:00,21:00,0,10.00,,distributed_venue,fair,venue_peak,vdnh_green_theatre
vdnh-2025-12-25,2025-12-25,2025-12-31,17,0.70,0.25,11:00,21:00,0,10.00,,distributed_venue,fair,venue_peak,vdnh_green_theatre
vdnh-2025-12-25,2025-12-25,2025-12-31,25,0.70,0.25,11:00,21:00,0,10.00,,distributed_venue,fair,venue_peak,vdnh_green_theatre
vdnh-2025-12-31,2025-12-31,2025-12-31,11,0.80,0.85,21:00,03:00,1,6.00,,new_year_peak,cultural_action,multiple_daily_sessions,vdnh_green_theatre
vdnh-2025-12-31,2025-12-31,2025-12-31,17,0.80,0.85,21:00,03:00,1,6.00,,new_year_peak,cultural_action,multiple_daily_sessions,vdnh_green_theatre
vdnh-2025-12-31,2025-12-31,2025-12-31,25,0.80,0.85,21:00,03:00,1,6.00,,new_year_peak,cultural_action,multiple_daily_sessions,vdnh_green_theatre
citywide-2025-12-02,2025-12-02,2025-12-31,ALL_CITY,0.55,0.25,12:00,21:00,0,9.00,,distributed_citywide,festival,citywide_baseline,citywide_culture
citywide-2025-12-01-zaryadye,2025-12-01,2025-12-31,ALL_CITY,0.55,0.25,12:00,21:00,0,9.00,,distributed_citywide,festival,citywide_baseline,citywide_culture
vdnh-2025-12-25-excursions,2025-12-25,2025-12-31,11,0.45,0.40,10:30,19:30,0,9.00,10:30|13:00|18:00,multi_session_spread,museum_program,multiple_daily_sessions,vdnh_green_theatre
vdnh-2025-12-25-excursions,2025-12-25,2025-12-31,17,0.45,0.40,10:30,19:30,0,9.00,10:30|13:00|18:00,multi_session_spread,museum_program,multiple_daily_sessions,vdnh_green_theatre
vdnh-2025-12-25-excursions,2025-12-25,2025-12-31,25,0.45,0.40,10:30,19:30,0,9.00,10:30|13:00|18:00,multi_session_spread,museum_program,multiple_daily_sessions,vdnh_green_theatre
