event_id,date_start,date_end,start_time_local,end_time_local,end_day_offset,duration_hours,session_schedule_local,time_profile,temporal_concentration_coefficient,time_quality,event_name,event_type,venue_id,venue_name,nearby_tram_routes,impact_class,source_quality,source_url,popularity_coefficient,affected_branches
vdnh-2025-06-01,2025-06-01,2025-06-01,20:00,22:30,0,2.50,,concert_peak,0.70,partial_known,Концерт Polnalyubvi,concert,vdnh_green_theatre,Зелёный театр ВДНХ,11|17|25,large_park_program,official,https://s3.vdnh.ru/vdnhru/2025/08/04/062f623424c52012cb18e05a4ee3e9589159cba1.pdf,0.70,11|17|25
vdnh-2025-06-03,2025-06-03,2025-06-03,20:30,23:00,0,2.50,,concert_peak,0.70,partial_known,Lumisfera — благотворительный концерт,concert,vdnh_green_theatre,Зелёный театр ВДНХ,11|17|25,large_park_program,official,https://s3.vdnh.ru/vdnhru/2025/08/04/062f623424c52012cb18e05a4ee3e9589159cba1.pdf,0.70,11|17|25
vdnh-2025-06-06,2025-06-06,2025-06-06,20:00,22:30,0,2.50,,concert_peak,0.70,partial_known,Концерт группы «Чиж & Co»,concert,vdnh_green_theatre,Зелёный театр ВДНХ,11|17|25,large_park_program,official,https://s3.vdnh.ru/vdnhru/2025/08/04/062f623424c52012cb18e05a4ee3e9589159cba1.pdf,0.70,11|17|25
vdnh-2025-06-07,2025-06-07,2025-06-08,20:00,22:30,0,2.50,,concert_peak,0.70,partial_known,Концерты группы «Мельница»,concert,vdnh_green_theatre,Зелёный театр ВДНХ,11|17|25,large_park_program,official,https://s3.vdnh.ru/vdnhru/2025/08/04/062f623424c52012cb18e05a4ee3e9589159cba1.pdf,0.70,11|17|25
vdnh-2025-06-12,2025-06-12,2025-06-12,20:00,22:30,0,2.50,,concert_peak,0.70,partial_known,Рок-хиты с симфоническим оркестром Olympic Orchestra,concert,vdnh_green_theatre,Зелёный театр ВДНХ,11|17|25,large_park_program,official,https://s3.vdnh.ru/vdnhru/2025/08/04/062f623424c52012cb18e05a4ee3e9589159cba1.pdf,0.70,11|17|25
vdnh-2025-07-05,2025-07-05,2025-07-05,20:00,22:30,0,2.50,,concert_peak,0.70,estimated_window,«Моральный кодекс» — The Best! Все хиты,concert,vdnh_green_theatre,Зелёный театр ВДНХ,11|17|25,large_park_program,official,https://vdnh.ru/news/4222/,0.70,11|17|25
vdnh-2025-07-06,2025-07-06,2025-07-06,20:00,22:30,0,2.50,,concert_peak,0.70,estimated_window,Александр Иванов и группа «Рондо»,concert,vdnh_green_theatre,Зелёный театр ВДНХ,11|17|25,large_park_program,official,https://vdnh.ru/news/4222/,0.70,11|17|25
vdnh-2025-07-08,2025-07-08,2025-07-08,20:00,22:30,0,2.50,,concert_peak,0.70,estimated_window,Шедевры мировой киномузыки,concert,vdnh_green_theatre,Зелёный театр ВДНХ,11|17|25,large_park_program,official,https://vdnh.ru/news/4222/,0.70,11|17|25
vdnh-2025-07-09,2025-07-09,2025-07-09,20:00,22:30,0,2.50,,concert_peak,0.70,estimated_window,Lumisfera — «Симфония в парке и 5000 свечей»,concert,vdnh_green_theatre,Зелёный театр ВДНХ,11|17|25,large_park_program,official,https://vdnh.ru/news/4222/,0.70,11|17|25
vdnh-2025-07-10,2025-07-10,2025-07-10,20:00,22:30,0,2.50,,concert_peak,0.70,estimated_window,«Времена года» — Вивальди и Чайковский,concert,vdnh_green_theatre,Зелёный театр ВДНХ,11|17|25,large_park_program,official,https://vdnh.ru/news/4222/,0.70,11|17|25
vdnh-2025-07-11,2025-07-11,2025-07-11,20:00,22:30,0,2.50,,concert_peak,0.70,estimated_window,«Каспийский груз»,concert,vdnh_green_theatre,Зелёный театр ВДНХ,11|17|25,large_park_program,official,https://vdnh.ru/news/4222/,0.70,11|17|25
vdnh-2025-07-12,2025-07-12,2025-07-12,20:00,22:30,0,2.50,,concert_peak,0.70,estimated_window,Сергей Пенкин,concert,vdnh_green_theatre,Зелёный театр ВДНХ,11|17|25,large_park_program,official,https://vdnh.ru/news/4222/,0.70,11|17|25
vdnh-2025-07-13,2025-07-13,2025-07-13,20:00,22:30,0,2.50,,concert_peak,0.70,estimated_window,Вячеслав Бутусов и группа «Орден Славы»,concert,vdnh_green_theatre,Зелёный театр ВДНХ,11|17|25,large_park_program,official,https://vdnh.ru/news/4222/,0.70,11|17|25
vdnh-2025-07-17,2025-07-17,2025-07-17,20:00,22:30,0,2.50,,concert_peak,0.70,estimated_window,Рок-хиты Olympic Orchestra,concert,vdnh_green_theatre,Зелёный театр ВДНХ,11|17|25,large_park_program,official,https://vdnh.ru/news/4222/,0.70,11|17|25
vdnh-2025-07-18,2025-07-18,2025-07-18,20:00,22:30,0,2.50,,concert_peak,0.70,estimated_window,Хибла Герзмава — концерт к 55-летию,concert,vdnh_green_theatre,Зелёный театр ВДНХ,11|17|25,large_park_program,official,https://vdnh.ru/news/4222/,0.70,11|17|25
vdnh-2025-07-20,2025-07-20,2025-07-20,20:00,22:30,0,2.50,,concert_peak,0.70,estimated_window,Симфоническое «Кино» с Юрием Каспаряном,concert,vdnh_green_theatre,Зелёный театр ВДНХ,11|17|25,large_park_program,official,https://vdnh.ru/news/4222/,0.70,11|17|25
vdnh-2025-07-24,2025-07-24,2025-07-24,20:00,22:30,0,2.50,,concert_peak,0.70,estimated_window,Хибла Герзмава — концерт к 55-летию,concert,vdnh_green_theatre,Зелёный театр ВДНХ,11|17|25,large_park_program,official,https://vdnh.ru/news/4222/,0.70,11|17|25
vdnh-2025-07-30,2025-07-30,2025-07-30,20:00,22:30,0,2.50,,concert_peak,0.70,estimated_window,Большой летний киноконцерт Гоши Куценко,concert,vdnh_green_theatre,Зелёный театр ВДНХ,11|17|25,large_park_program,official,https://vdnh.ru/news/4222/,0.70,11|17|25
vdnh-2025-07-31,2025-07-31,2025-07-31,20:00,22:30,0,2.50,,concert_peak,0.70,estimated_window,Поп-хиты с симфоническим оркестром,concert,vdnh_green_theatre,Зелёный театр ВДНХ,11|17|25,large_park_program,official,https://vdnh.ru/news/4222/,0.70,11|17|25
luzhniki-2025-05-02,2025-05-02,2025-05-02,12:30,15:30,0,3.00,,match_peak,0.80,partial_known,МФЛ: Торпедо Москва — Динамо-Махачкала, sports,luzhniki,Олимпийский комплекс «Лужники»,,sports_event,official,https://www.luzhniki.ru/afisha/sport/mfl-torpedo-moskva-dinamo-mahachkala-mahachkala/,0.70,ALL_CITY
luzhniki-2025-06-06,2025-06-06,2025-06-06,20:00,23:00,0,3.00,,stadium_peak,0.85,partial_known,Россия — Нигерия, sports,luzhniki,Олимпийский комплекс «Лужники»,,stadium_event,official,https://www.luzhniki.ru/afisha/sport/v-luzhnikah-projdyot-match-sbornyh-rossii-i-nigerii/,0.80,ALL_CITY
luzhniki-2025-06-22,2025-06-22,2025-06-22,16:00,19:00,0,3.00,,stadium_peak,0.85,partial_known,Динамо Москва — Стрела-Ак Барс — чемпионат России по регби, sports,luzhniki,Олимпийский комплекс «Лужники»,,stadium_event,official,https://www.luzhniki.ru/afisha/sport/chempionata-rossii-po-regbi-dinamo-moskva-strela-ak-bars/,0.80,ALL_CITY
luzhniki-2025-06-27,2025-06-27,2025-06-28,19:00,22:00,0,3.00,,stadium_peak,0.90,estimated_window,Баста в Лужниках,concert,luzhniki,Олимпийский комплекс «Лужники»,,stadium_concert,official,https://www.luzhniki.ru/afisha/muzyka/basta-v-luzhnikah-27-i-28-iyunya-2025-goda/,0.85,ALL_CITY
luzhniki-2025-07-05,2025-07-05,2025-07-05,11:00,19:00,0,8.00,,distributed_sports,0.35,partial_known,День Московского спорта, sports,luzhniki,Олимпийский комплекс «Лужники»,,city_sports_festival,official,https://www.luzhniki.ru/afisha/sport/den-moskovskogo-sporta/,0.85,ALL_CITY
luzhniki-2025-07-19,2025-07-19,2025-07-20,10:00,22:00,0,12.00,,distributed_citywide,0.20,estimated_window,VK Fest,concert,luzhniki,Олимпийский комплекс «Лужники»,,major_festival,official,https://www.luzhniki.ru/afisha/festivali/vk-fest-v-luzhnikah/,0.90,ALL_CITY
luzhniki-2025-07-26,2025-07-26,2025-07-26,19:00,22:00,0,3.00,,stadium_peak,0.90,partial_known,Леонид Агутин в Лужниках,concert,luzhniki,Олимпийский комплекс «Лужники»,,stadium_concert,official,https://www.luzhniki.ru/afisha/muzyka/leonid-agutin-v-luzhnikah/,0.85,ALL_CITY
luzhniki-2025-08-30,2025-08-30,2025-08-30,20:00,23:00,0,3.00,,stadium_peak,0.90,partial_known,Егор Крид в Лужниках,concert,luzhniki,Олимпийский комплекс «Лужники»,,stadium_concert,official,https://www.luzhniki.ru/afisha/muzyka/egor-krid-v-luzhnikah/,0.85,ALL_CITY
luzhniki-2025-09-06,2025-09-06,2025-09-21,10:00,18:00,0,8.00,,distributed_sports,0.40,estimated_window,Winline Кубок Лиги — матчи Медиалиги, sports,luzhniki,Олимпийский комплекс «Лужники»,,sports_festival,official,https://www.luzhniki.ru/afisha/sport/matchi-medialigi/,0.75,ALL_CITY
luzhniki-2025-09-13,2025-09-13,2025-09-13,11:00,19:00,0,8.00,,distributed_sports,0.35,partial_known,Московский спорт в Лужниках, sports,luzhniki,Олимпийский комплекс «Лужники»,,city_sports_festival,official,https://www.luzhniki.ru/afisha/sport/moskovskij-sport-v-luzhnikah/,0.85,ALL_CITY
mmd-2025-07-27,2025-07-27,2025-07-27,19:00,22:00,0,3.00,,concert_peak,0.85,estimated_window,Нигатив,concert,mts_live_hall,МТС Live Холл,2|12|38|46,indoor_concert,archive,https://rolld.ru/venue/tesla-place/2025?list=cards,0.70,2|12|38|46
mmd-2025-10-11,2025-10-11,2025-10-11,18:00,23:00,0,5.00,,festival_evening,0.65,estimated_window,Moscowland Festival,concert,mts_live_hall,МТС Live Холл,2|12|38|46,indoor_festival,archive,https://rolld.ru/venue/tesla-place/2025?list=cards,0.75,2|12|38|46
mmd-2025-10-18,2025-10-18,2025-10-18,19:00,22:00,0,3.00,,event_peak,0.70,estimated_window,BROCONF-6,concert,mts_live_hall,МТС Live Холл,2|12|38|46,indoor_event,archive,https://rolld.ru/venue/tesla-place/2025?list=cards,0.50,2|12|38|46
mmd-2025-10-21,2025-10-21,2025-10-21,19:00,22:00,0,3.00,,event_peak,0.70,estimated_window,Андрей Бебуришвили — Stand Up,concert,mts_live_hall,МТС Live Холл,2|12|38|46,indoor_event,archive,https://rolld.ru/venue/tesla-place/2025?list=cards,0.50,2|12|38|46
mmd-2025-11-02,2025-11-02,2025-11-02,19:00,22:00,0,3.00,,event_peak,0.70,estimated_window,Андрей Бебуришвили — Stand Up,concert,mts_live_hall,МТС Live Холл,2|12|38|46,indoor_event,archive,https://rolld.ru/venue/tesla-place/2025?list=cards,0.50,2|12|38|46
mmd-2025-11-02-yanix,2025-11-02,2025-11-02,19:00,22:00,0,3.00,,concert_peak,0.85,estimated_window,Yanix,concert,mts_live_hall,МТС Live Холл,2|12|38|46,indoor_concert,archive,https://rolld.ru/venue/tesla-place/2025?list=cards,0.70,2|12|38|46
mmd-2025-11-22,2025-11-22,2025-11-22,19:00,22:00,0,3.00,,concert_peak,0.85,estimated_window,Моя Мишель,concert,mts_live_hall,МТС Live Холл,2|12|38|46,indoor_concert,archive,https://rolld.ru/venue/tesla-place/2025?list=cards,0.70,2|12|38|46
mmd-2025-11-29,2025-11-29,2025-11-29,19:00,22:00,0,3.00,,show_peak,0.80,estimated_window,Танцы! Ёлка! МУЗ-ТВ,concert,mts_live_hall,МТС Live Холл,2|12|38|46,indoor_show,archive,https://rolld.ru/venue/tesla-place/2025?list=cards,0.75,2|12|38|46
mmd-2025-12-04,2025-12-04,2025-12-04,19:00,22:00,0,3.00,,show_peak,0.80,calendar_window,Queen — шоу «Богемская рапсодия» с симфоническим оркестром,concert,mts_live_hall,МТС Live Холл,2|12|38|46,indoor_show,archive,https://rolld.ru/venue/tesla-place/2025?list=cards,0.75,2|12|38|46
mmd-2025-12-07,2025-12-07,2025-12-07,19:00,22:00,0,3.00,,concert_peak,0.85,calendar_window,Хаски,concert,mts_live_hall,МТС Live Холл,2|12|38|46,indoor_concert,archive,https://rolld.ru/venue/tesla-place/2025?list=cards,0.70,2|12|38|46
mmd-2025-12-07-gucci,2025-12-07,2025-12-07,19:00,22:00,0,3.00,,concert_peak,0.85,calendar_window,Gucci Mane,concert,mts_live_hall,МТС Live Холл,2|12|38|46,indoor_concert,archive,https://rolld.ru/venue/tesla-place/2025?list=cards,0.70,2|12|38|46
citywide-2025-11-03,2025-11-03,2025-11-04,18:00,23:00,0,5.00,,citywide_evening_spread,0.55,calendar_window,«Ночь искусств»,cultural_action,citywide_culture,Общегородские культурные мероприятия,,citywide_peak,official,https://artnight.culture.ru/,0.85,ALL_CITY
vdnh-2025-11-03,2025-11-03,2025-11-04,18:00,22:00,0,4.00,,venue_evening_spread,0.55,calendar_window,«Ночь искусств» на ВДНХ,cultural_action,vdnh_green_theatre,ВДНХ,11|17|25,venue_peak,official,https://vdnh.ru/news/4507/,0.70,11|17|25
mmdm-2025-11-25,2025-11-25,2025-12-03,18:00,22:00,0,4.00,,festival_evening,0.60,calendar_window,XVI Международный фестиваль «Москва встречает друзей»,festival,moscow_house_music,Московский международный Дом музыки,А|3|38|39,multi_day_festival,official,https://www.mmdm.ru/en/news/otkrytie-mezhdunarodnogo-festivalya-moskva-vstrechaet-druzey-proshlo-v-dome-muzyki,0.75,А|3|38|39
citywide-2025-12-01,2025-12-01,2025-12-31,10:00,22:00,0,12.00,,distributed_citywide,0.20,calendar_window,Проект «Зима в Москве» — старт зимнего сезона,cultural_action,citywide_culture,Общегородские культурные мероприятия,,citywide_baseline,press,https://www.m24.ru/infographics/01122025/850831,0.80,ALL_CITY
citywide-2025-12-12,2025-12-12,2025-12-31,12:00,22:00,0,10.00,,distributed_citywide,0.35,calendar_window,Фестиваль «Путешествие в Рождество»,festival,citywide_culture,Общегородские культурные мероприятия,,citywide_peak,press,https://kudamoscow.ru/event/festival-puteshestvie-v-rozhdestvo-2025-2026/,0.90,ALL_CITY
central-2025-12-25,2025-12-25,2025-12-31,10:00,19:00,0,9.00,11:00|14:00|17:00,multi_session,0.70,calendar_window,Кремлёвская ёлка и новогодние детские представления,children_show,citywide_culture,Кремлёвский дворец,,multiple_daily_sessions,verify,https://www.kremlin-dvorets.ru/afisha/,0.85,ALL_CITY
central-2025-12-28,2025-12-28,2025-12-31,10:00,19:00,0,9.00,11:00|14:00|17:00,multi_session,0.70,calendar_window,«Ёлка Мэра» в Гостином дворе,children_show,citywide_culture,Гостиный двор,,multiple_daily_sessions,official,https://www.mos.ru/upload/documents/files/5658/Prikaz1265_ODot29dekabrya2025.pdf,0.85,ALL_CITY
mmdm-2025-12-31,2025-12-31,2025-12-31,13:00,22:30,0,9.50,13:00|14:00|17:00|18:00|20:00,multi_session,0.75,calendar_window,Новогодние концерты Дома музыки — несколько сеансов,concert,moscow_house_music,Московский международный Дом музыки,А|3|38|39,multiple_daily_sessions,official,https://www.mmdm.ru/afisha/?p_number=1&search_date_end=31-12-2025&search_date_start=31-12-2025,0.80,А|3|38|39
vdnh-2025-12-13,2025-12-13,2025-12-31,10:00,22:00,0,12.00,,distributed_venue,0.25,calendar_window,Зимний сезон и каток ВДНХ,winter_leisure,vdnh_green_theatre,ВДНХ,11|17|25,winter_baseline,official,https://s3.vdnh.ru/vdnhru/2025/12/04/8fc549f8eaa4969a936e18ec29f205fa102cbaec.pdf,0.65,11|17|25
vdnh-2025-12-19,2025-12-19,2025-12-21,12:00,21:00,0,9.00,,distributed_venue,0.40,calendar_window,«Атомные выходные» на катке ВДНХ,festival,vdnh_green_theatre,ВДНХ,11|17|25,venue_peak,official,https://vdnh.ru/events/2284/,0.70,11|17|25
vdnh-2025-12-25,2025-12-25,2025-12-31,11:00,21:00,0,10.00,,distributed_venue,0.25,calendar_window,Новогодняя ярмарка ВДНХ,fair,vdnh_green_theatre,ВДНХ,11|17|25,venue_peak,official,https://vdnh.ru/news/4676/,0.70,11|17|25
vdnh-2025-12-31,2025-12-31,2025-12-31,21:00,03:00,1,6.00,,new_year_peak,0.85,calendar_window,Портал в мир подарков на ВДНХ,cultural_action,vdnh_green_theatre,ВДНХ,11|17|25,multiple_daily_sessions,official,https://vdnh.ru/news/4694/,0.80,11|17|25
citywide-2025-12-02,2025-12-02,2025-12-31,12:00,21:00,0,9.00,,distributed_citywide,0.25,calendar_window,Фестиваль «Усадьбы Москвы»,festival,citywide_culture,Общегородские культурные мероприятия,,citywide_baseline,official,https://www.mos.ru/upload/content/files/2cf0982a3adb646f62d8052b4ff75db3/Daidjestsobitii01122025.pdf,0.55,ALL_CITY
citywide-2025-12-01-zaryadye,2025-12-01,2025-12-31,12:00,21:00,0,9.00,,distributed_citywide,0.25,calendar_window,Зимний фестиваль «Зарядье»,festival,citywide_culture,Общегородские культурные мероприятия,,citywide_baseline,official,https://www.mos.ru/upload/content/files/2cf0982a3adb646f62d8052b4ff75db3/Daidjestsobitii01122025.pdf,0.55,ALL_CITY
vdnh-2025-12-25-excursions,2025-12-25,2025-12-31,10:30,19:30,0,9.00,10:30|13:00|18:00,multi_session_spread,0.40,calendar_window,Новогодние экскурсии ВДНХ,museum_program,vdnh_green_theatre,ВДНХ,11|17|25,multiple_daily_sessions,official,https://vdnh.ru/events/2134/,0.45,11|17|25
