venue_id,venue_name,venue_type,address,nearby_stop,stop_ids,tram_routes,proximity_class,source_url,notes
olympic_complex,Спорткомплекс «Олимпийский»,concert_and_sports,Москва Олимпийский проспект 16,Спорткомплекс «Олимпийский»,16514|16515,7|50,direct_stop,https://olimpik.ru/,В текущем GTFS есть остановка с названием площадки; маршруты 7 и 50.
vdnh_green_theatre,Зелёный театр ВДНХ,concert,Москва ВДНХ,ВДНХ северная / ВДНХ южная / Метро «ВДНХ»,10148|10149|3611|3657|10150|11288,11|17|25,walk_from_vdnh_stops,https://vdnh.ru/visitors/transport/,Площадка находится на территории ВДНХ; трамвай довозит до входных зон; далее нужен пеший переход по территории.
mts_live_hall,МТС Live Холл (бывший Music Media Dome),concert,Москва шоссе Энтузиастов 5 стр. 2,Старообрядческая улица,15495|15496,2|12|38|46,direct_nearby,https://www.msk-live-hall.mts.ru/contacts,Официальная схема площадки указывает трамваи 2 12 38 46 и остановку «Старообрядческая улица».
sokolniki_park,Парк «Сокольники» / концертно-фестивальные площадки,concert_and_sports,Москва улица Сокольнический Вал 1,ПКиО «Сокольники»,6246|7117,4|25,direct_nearby,https://mosgor-park.ru/events/sokolniki/all,Парк — крупная рекреационная точка притяжения; события следует учитывать как массовые; это не постоянный поток концертного зала.
danilovskaya_manufactory,Даниловская мануфактура,event_cluster,Москва Варшавское шоссе 9,Даниловская мануфактура,1002258|6688,16|49,direct_stop,https://danilovskaya.ru/,Вторичная событийная зона; нужна отдельная проверка календаря площадок внутри кластера.
krylya_sovetov,Стадион «Крылья Советов»,sports,Москва улица Шумкина 18,Стадион «Крылья Советов»,4069|4074,12|36,direct_stop,,Локальная спортивная площадка; использовать только при наличии подтверждённого календаря матчей.
stadion_trud,Стадион «Труд»,sports,Москва Варшавское шоссе 14,Стадион «Труд»,1002799|6715,3|16|47|49,direct_stop,,Локальная спортивная площадка; использовать только при наличии подтверждённого календаря матчей.
luzhniki,Олимпийский комплекс «Лужники»,concert_and_sports,Москва улица Лужники 24,,, ,off_tram_network,https://www.luzhniki.ru/afisha/,Крупнейшие события есть; в текущем трамвайном графе нет остановки в непосредственной близости; учитывать как внешний городской фактор; не как прямой признак трамвайной ветки.
vtb_arena,ВТБ Арена,concert_and_sports,Москва Ленинградский проспект 36,,, ,off_tram_network,https://vtb-arena.com/,Крупная арена; в текущем трамвайном графе нет остановки в непосредственной близости.
moscow_house_music,Московский международный Дом музыки,concert,Москва Космодамианская набережная 52 стр. 8,Павелецкий вокзал,1002102|1009111|1009112|6680,А|3|38|39,nearby_central_stop,https://www.mmdm.ru/,Крупный концертный кластер у Павелецкого вокзала; учитывать вечерние и праздничные многосеансовые программы.
citywide_culture,Общегородские культурные мероприятия,citywide,Москва,,, ,citywide,https://www.mos.ru/,События без одной площадки; распределять сигнал по маршрутам через список городских локаций или использовать как общегородской признак.
